ID_Client,ID_Produit,Date_Achat,Quantite
59,9,2024-07-17 12:55:53.121638,3
170,3,2025-04-13 12:55:53.121659,1
188,19,2025-05-28 12:55:53.121664,1
15,8,2025-01-20 12:55:53.121667,1
190,5,2025-02-04 12:55:53.121670,1
190,4,2025-02-15 12:55:53.121673,4
175,6,2025-03-30 12:55:53.121675,1
190,2,2025-04-18 12:55:53.121678,1
51,20,2024-06-28 12:55:53.121680,1
108,11,2024-09-03 12:55:53.121682,1
55,4,2025-04-26 12:55:53.121684,3
64,15,2024-08-11 12:55:53.121686,1
131,6,2024-11-05 12:55:53.121688,3
51,17,2025-05-24 12:55:53.121690,4
135,6,2025-05-25 12:55:53.121692,2
21,19,2025-04-23 12:55:53.121694,1
73,2,2025-02-18 12:55:53.121696,2
167,15,2025-02-10 12:55:53.121697,2
18,11,2024-09-24 12:55:53.121699,4
132,8,2024-08-05 12:55:53.121701,2
89,19,2025-05-27 12:55:53.121702,3
60,13,2024-08-26 12:55:53.121704,2
14,12,2025-02-28 12:55:53.121706,2
9,5,2024-07-12 12:55:53.121707,2
90,6,2024-06-15 12:55:53.121710,1
53,4,2024-09-03 12:55:53.121711,1
130,19,2024-11-07 12:55:53.121713,3
84,20,2025-02-17 12:55:53.121715,3
92,1,2024-10-23 12:55:53.121717,1
111,20,2024-08-12 12:55:53.121719,3
188,17,2025-01-18 12:55:53.121720,1
199,12,2025-06-06 12:55:53.121722,4
172,15,2025-03-20 12:55:53.121724,2
8,1,2024-06-17 12:55:53.121727,2
175,14,2024-11-05 12:55:53.121728,3
35,6,2024-12-17 12:55:53.121730,1
81,5,2025-01-18 12:55:53.121732,1
164,11,2025-03-22 12:55:53.121733,3
50,4,2025-02-19 12:55:53.121735,1
104,13,2024-12-19 12:55:53.121737,4
132,11,2025-04-18 12:55:53.121738,2
2,3,2025-04-23 12:55:53.121741,3
134,1,2024-11-27 12:55:53.121742,3
54,6,2025-04-21 12:55:53.121744,1
106,18,2024-12-08 12:55:53.121746,3
4,10,2024-12-15 12:55:53.121747,4
54,5,2024-08-04 12:55:53.121749,1
191,10,2025-01-25 12:55:53.121751,1
146,12,2025-05-18 12:55:53.121752,1
44,2,2024-10-17 12:55:53.121754,1
162,13,2024-09-08 12:55:53.121756,4
190,8,2025-04-07 12:55:53.121758,1
14,2,2024-11-28 12:55:53.121759,3
95,20,2025-04-30 12:55:53.121761,4
48,1,2024-08-31 12:55:53.121763,2
15,5,2025-01-10 12:55:53.121765,2
200,9,2024-07-23 12:55:53.121766,3
190,17,2024-07-28 12:55:53.121768,3
40,9,2024-12-06 12:55:53.121770,4
82,11,2024-08-18 12:55:53.121772,2
111,15,2025-03-03 12:55:53.121773,2
53,6,2024-06-14 12:55:53.121775,2
24,3,2025-05-05 12:55:53.121777,2
154,17,2025-05-17 12:55:53.121778,2
188,5,2024-07-06 12:55:53.121780,1
124,12,2025-02-13 12:55:53.121782,3
41,18,2025-01-12 12:55:53.121783,1
157,14,2025-04-30 12:55:53.121785,2
15,11,2025-02-10 12:55:53.121787,4
45,9,2025-04-19 12:55:53.121789,4
65,2,2024-11-27 12:55:53.121790,2
89,12,2025-01-18 12:55:53.121792,2
71,3,2024-10-20 12:55:53.121794,4
9,3,2024-07-19 12:55:53.121795,1
88,1,2024-12-05 12:55:53.121797,1
129,8,2025-03-18 12:55:53.121799,2
136,8,2024-12-02 12:55:53.121800,1
63,11,2024-12-10 12:55:53.121803,4
139,9,2025-02-22 12:55:53.121804,1
81,5,2024-07-01 12:55:53.121806,2
136,14,2025-01-24 12:55:53.121808,4
163,3,2024-06-15 12:55:53.121810,1
163,5,2024-06-25 12:55:53.121811,3
33,5,2024-07-13 12:55:53.121813,4
123,19,2025-05-04 12:55:53.121815,4
5,14,2024-08-02 12:55:53.121817,3
41,4,2024-07-19 12:55:53.121818,3
28,13,2025-03-14 12:55:53.121820,4
135,10,2024-09-09 12:55:53.121822,3
72,18,2025-02-04 12:55:53.121824,2
12,8,2025-03-18 12:55:53.121825,2
162,8,2024-10-16 12:55:53.121827,2
33,7,2024-11-27 12:55:53.121828,4
48,8,2025-01-22 12:55:53.121830,3
151,14,2024-07-17 12:55:53.121832,3
62,19,2024-06-22 12:55:53.121834,1
37,6,2024-08-28 12:55:53.121835,1
99,1,2025-02-17 12:55:53.121837,3
172,15,2024-06-24 12:55:53.121839,3
104,1,2024-12-25 12:55:53.121840,3
35,17,2025-05-12 12:55:53.121842,4
193,1,2025-02-12 12:55:53.121844,3
101,15,2025-05-24 12:55:53.121845,1
175,2,2024-12-30 12:55:53.121847,4
131,14,2024-11-16 12:55:53.121849,3
1,8,2025-01-23 12:55:53.121851,1
5,8,2025-05-07 12:55:53.121852,4
142,19,2025-02-21 12:55:53.121854,3
103,7,2024-08-23 12:55:53.121855,3
27,19,2024-12-30 12:55:53.121858,3
137,6,2025-02-21 12:55:53.121859,4
15,6,2024-07-09 12:55:53.121861,1
90,3,2024-09-27 12:55:53.121862,1
42,7,2024-11-19 12:55:53.121864,2
124,19,2024-07-15 12:55:53.121866,3
179,8,2024-10-18 12:55:53.121867,2
63,10,2025-03-28 12:55:53.121869,2
96,20,2025-01-25 12:55:53.121871,1
52,15,2025-03-30 12:55:53.121872,4
96,15,2025-02-03 12:55:53.121874,4
132,1,2024-08-26 12:55:53.121876,1
151,20,2024-09-07 12:55:53.121878,4
143,7,2025-01-26 12:55:53.121880,2
171,4,2024-08-14 12:55:53.121881,3
29,6,2024-11-02 12:55:53.121883,1
36,1,2024-08-15 12:55:53.121884,3
13,5,2024-11-17 12:55:53.121886,4
160,1,2024-12-06 12:55:53.121888,3
71,4,2025-02-17 12:55:53.121890,4
187,2,2025-03-31 12:55:53.121891,4
86,10,2024-09-22 12:55:53.121893,2
28,5,2024-09-30 12:55:53.121895,4
66,10,2025-04-24 12:55:53.121897,2
170,1,2025-05-16 12:55:53.121898,2
45,6,2025-04-14 12:55:53.121900,2
62,13,2025-03-23 12:55:53.121902,1
185,15,2024-07-23 12:55:53.121903,1
134,4,2025-03-20 12:55:53.121905,4
28,13,2024-06-26 12:55:53.121907,2
28,20,2024-11-05 12:55:53.121908,1
108,15,2024-08-08 12:55:53.121910,2
44,8,2025-05-08 12:55:53.121912,3
84,5,2024-11-24 12:55:53.121913,3
30,15,2024-11-26 12:55:53.121915,3
190,4,2024-08-08 12:55:53.121917,4
75,12,2024-10-13 12:55:53.121918,2
128,13,2024-09-12 12:55:53.121920,3
92,2,2025-02-01 12:55:53.121922,1
190,19,2024-08-30 12:55:53.121923,3
129,19,2025-06-04 12:55:53.121925,3
121,4,2024-06-26 12:55:53.121927,3
27,4,2025-04-12 12:55:53.121928,4
190,11,2024-06-25 12:55:53.121930,1
121,5,2024-09-08 12:55:53.121932,2
116,20,2025-01-24 12:55:53.121933,1
3,11,2024-07-16 12:55:53.121935,2
103,10,2024-12-17 12:55:53.121937,4
198,8,2025-04-13 12:55:53.121938,4
200,6,2025-01-10 12:55:53.121940,4
155,6,2024-10-30 12:55:53.121942,4
137,8,2025-03-21 12:55:53.121943,2
62,15,2024-10-20 12:55:53.121945,3
165,14,2025-06-08 12:55:53.121954,2
51,11,2025-01-26 12:55:53.121956,1
172,12,2024-09-26 12:55:53.121958,4
152,13,2025-03-10 12:55:53.121960,4
59,8,2024-09-23 12:55:53.121962,1
118,18,2025-04-16 12:55:53.121963,2
160,1,2024-07-24 12:55:53.121965,3
96,15,2025-01-08 12:55:53.121967,3
180,8,2024-07-17 12:55:53.121968,1
113,11,2024-09-23 12:55:53.121970,3
62,12,2024-08-02 12:55:53.121972,2
186,12,2025-02-28 12:55:53.121974,2
52,4,2025-03-23 12:55:53.121975,1
12,16,2024-11-30 12:55:53.121977,2
39,4,2025-03-19 12:55:53.121979,4
130,5,2024-09-06 12:55:53.121980,1
131,5,2024-09-11 12:55:53.121982,2
113,8,2025-06-09 12:55:53.121984,1
101,10,2024-08-07 12:55:53.121986,3
113,17,2024-12-26 12:55:53.121988,2
184,9,2024-10-02 12:55:53.121990,4
81,19,2025-05-31 12:55:53.121992,2
187,14,2025-04-13 12:55:53.121993,1
113,8,2024-12-06 12:55:53.121995,1
2,9,2025-01-03 12:55:53.121997,2
130,11,2025-02-07 12:55:53.121999,4
54,1,2025-05-11 12:55:53.122000,4
87,14,2025-02-06 12:55:53.122002,4
129,5,2024-08-23 12:55:53.122004,1
147,14,2025-04-30 12:55:53.122005,2
126,4,2025-04-27 12:55:53.122007,3
130,1,2024-10-04 12:55:53.122009,1
53,19,2025-05-05 12:55:53.122010,4
172,8,2024-09-10 12:55:53.122012,2
160,15,2025-04-06 12:55:53.122014,4
198,15,2025-04-05 12:55:53.122015,3
160,9,2024-07-07 12:55:53.122017,4
68,9,2024-10-09 12:55:53.122019,4
183,10,2024-09-01 12:55:53.122020,3
184,20,2025-03-17 12:55:53.122022,2
123,9,2025-01-25 12:55:53.122024,1
145,3,2024-09-12 12:55:53.122025,2
38,20,2024-08-03 12:55:53.122027,3
24,11,2024-11-05 12:55:53.122029,4
69,6,2025-02-21 12:55:53.122030,2
116,2,2024-09-06 12:55:53.122032,1
98,7,2024-06-21 12:55:53.122034,3
198,18,2025-02-27 12:55:53.122036,2
139,2,2024-06-09 12:55:53.122037,1
144,17,2025-01-01 12:55:53.122039,3
97,11,2024-11-17 12:55:53.122041,1
124,12,2024-07-01 12:55:53.122042,3
187,19,2024-07-12 12:55:53.122046,4
70,7,2024-11-30 12:55:53.122049,2
93,20,2024-10-28 12:55:53.122053,1
3,6,2024-09-18 12:55:53.122056,3
148,1,2024-10-21 12:55:53.122061,1
187,17,2025-04-09 12:55:53.122064,1
164,11,2025-02-03 12:55:53.122068,2
147,18,2025-02-14 12:55:53.122071,4
90,17,2025-05-08 12:55:53.122075,1
195,7,2024-12-18 12:55:53.122079,3
147,17,2025-05-30 12:55:53.122082,3
148,20,2024-08-12 12:55:53.122085,4
96,9,2024-08-30 12:55:53.122088,3
199,17,2025-02-12 12:55:53.122091,4
52,20,2024-08-12 12:55:53.122094,3
161,8,2025-02-17 12:55:53.122096,2
168,17,2025-06-06 12:55:53.122099,1
128,7,2025-05-04 12:55:53.122102,2
39,1,2024-06-12 12:55:53.122105,1
82,13,2024-07-21 12:55:53.122108,1
104,19,2025-05-10 12:55:53.122112,1
129,19,2025-02-12 12:55:53.122115,2
11,17,2025-05-06 12:55:53.122117,1
185,13,2025-05-24 12:55:53.122120,2
178,16,2024-12-22 12:55:53.122124,4
151,8,2025-05-04 12:55:53.122127,3
159,19,2024-09-19 12:55:53.122130,3
42,18,2025-02-08 12:55:53.122134,1
99,1,2025-01-18 12:55:53.122138,2
7,14,2024-07-02 12:55:53.122141,3
144,19,2024-10-04 12:55:53.122145,2
90,15,2025-02-20 12:55:53.122148,2
112,18,2024-09-06 12:55:53.122151,1
60,2,2025-04-03 12:55:53.122156,3
113,17,2024-08-21 12:55:53.122161,1
2,18,2024-08-18 12:55:53.122165,1
129,6,2024-10-10 12:55:53.122168,3
48,19,2025-02-05 12:55:53.122171,3
140,4,2024-10-10 12:55:53.122172,4
197,1,2024-11-13 12:55:53.122174,4
37,8,2025-03-04 12:55:53.122176,2
160,7,2025-04-22 12:55:53.122178,3
9,3,2025-04-21 12:55:53.122179,4
99,10,2024-07-07 12:55:53.122181,2
147,10,2024-11-01 12:55:53.122183,2
48,19,2024-12-10 12:55:53.122185,2
131,14,2024-11-05 12:55:53.122186,4
148,2,2024-11-11 12:55:53.122188,3
152,1,2024-10-13 12:55:53.122190,1
54,18,2025-05-13 12:55:53.122192,2
120,7,2024-06-30 12:55:53.122193,4
161,8,2024-07-10 12:55:53.122195,4
152,1,2024-07-14 12:55:53.122197,1
116,3,2025-04-20 12:55:53.122199,1
75,8,2025-05-09 12:55:53.122201,4
113,15,2024-11-15 12:55:53.122205,3
200,5,2024-12-18 12:55:53.122209,1
164,3,2025-04-15 12:55:53.122212,4
166,19,2025-02-02 12:55:53.122216,1
104,1,2025-03-03 12:55:53.122220,3
84,15,2025-03-04 12:55:53.122224,2
112,8,2024-09-08 12:55:53.122227,1
99,2,2024-10-23 12:55:53.122231,3
153,3,2025-03-30 12:55:53.122235,4
93,14,2024-11-05 12:55:53.122240,1
146,14,2025-03-08 12:55:53.122243,1
128,11,2025-01-18 12:55:53.122247,4
110,16,2024-10-16 12:55:53.122251,2
82,4,2025-02-02 12:55:53.122254,4
194,20,2025-05-02 12:55:53.122258,1
54,5,2024-10-26 12:55:53.122262,4
163,14,2024-09-01 12:55:53.122266,3
189,16,2025-04-20 12:55:53.122270,4
169,18,2025-05-15 12:55:53.122272,1
161,7,2024-07-11 12:55:53.122274,4
68,10,2024-09-06 12:55:53.122276,2
33,7,2025-06-02 12:55:53.122277,4
142,1,2025-04-23 12:55:53.122279,2
21,19,2025-02-08 12:55:53.122281,3
48,16,2025-03-16 12:55:53.122283,2
148,19,2024-11-13 12:55:53.122284,4
128,4,2024-10-04 12:55:53.122286,1
136,18,2024-10-06 12:55:53.122288,2
135,2,2025-02-20 12:55:53.122289,3
195,1,2024-11-16 12:55:53.122291,2
145,15,2025-05-10 12:55:53.122293,2
128,5,2025-03-17 12:55:53.122294,2
33,20,2024-11-27 12:55:53.122296,3
176,11,2025-06-08 12:55:53.122298,4
187,10,2024-11-22 12:55:53.122300,2
115,2,2025-01-25 12:55:53.122301,2
119,3,2024-10-20 12:55:53.122303,1
22,12,2025-01-14 12:55:53.122305,3
158,20,2024-11-05 12:55:53.122306,2
38,5,2024-06-18 12:55:53.122308,3
109,5,2024-08-29 12:55:53.122310,2
51,6,2024-07-06 12:55:53.122312,4
182,9,2024-10-03 12:55:53.122314,4
8,2,2025-03-22 12:55:53.122315,2
27,12,2025-03-04 12:55:53.122317,4
27,3,2025-01-09 12:55:53.122319,2
21,20,2025-02-18 12:55:53.122321,4
30,12,2025-05-11 12:55:53.122322,1
97,17,2024-08-17 12:55:53.122324,1
28,10,2024-09-05 12:55:53.122326,1
111,14,2025-05-09 12:55:53.122328,3
192,17,2024-12-31 12:55:53.122329,3
197,18,2025-05-11 12:55:53.122331,1
61,19,2025-05-15 12:55:53.122333,3
48,17,2024-08-14 12:55:53.122334,4
147,14,2024-10-08 12:55:53.122336,2
4,9,2024-09-25 12:55:53.122338,2
35,8,2024-09-11 12:55:53.122339,2
192,2,2025-03-21 12:55:53.122341,1
49,13,2025-05-11 12:55:53.122343,3
17,7,2024-09-22 12:55:53.122345,4
172,9,2025-04-29 12:55:53.122346,4
158,11,2025-03-06 12:55:53.122348,1
46,14,2025-05-05 12:55:53.122350,4
117,4,2024-08-09 12:55:53.122352,4
6,13,2025-05-06 12:55:53.122353,4
99,2,2024-06-29 12:55:53.122355,4
124,5,2025-02-09 12:55:53.122357,3
37,11,2024-11-15 12:55:53.122359,4
24,6,2025-04-09 12:55:53.122360,2
93,18,2024-08-22 12:55:53.122362,1
46,10,2025-02-03 12:55:53.122364,3
181,4,2024-08-17 12:55:53.122365,4
95,9,2024-08-09 12:55:53.122367,3
99,6,2025-05-20 12:55:53.122369,4
188,2,2024-07-27 12:55:53.122370,2
116,17,2025-04-29 12:55:53.122372,1
191,5,2024-11-07 12:55:53.122374,4
160,6,2024-07-08 12:55:53.122376,4
161,12,2024-08-15 12:55:53.122377,4
67,10,2024-08-24 12:55:53.122379,4
128,6,2024-09-15 12:55:53.122381,1
18,8,2024-12-30 12:55:53.122382,1
25,2,2025-01-27 12:55:53.122384,2
54,12,2025-02-25 12:55:53.122386,1
58,13,2024-07-02 12:55:53.122388,4
67,7,2024-12-31 12:55:53.122389,2
104,10,2025-02-07 12:55:53.122391,2
174,13,2025-01-25 12:55:53.122393,2
24,17,2024-11-19 12:55:53.122395,4
114,14,2025-04-03 12:55:53.122396,3
32,2,2024-07-01 12:55:53.122398,4
175,11,2024-07-14 12:55:53.122400,1
86,1,2025-01-07 12:55:53.122401,1
151,19,2024-10-18 12:55:53.122403,4
194,4,2024-12-30 12:55:53.122405,4
127,19,2025-05-03 12:55:53.122406,2
155,11,2025-06-05 12:55:53.122408,4
130,8,2024-10-18 12:55:53.122410,2
17,11,2024-07-26 12:55:53.122411,1
104,4,2024-08-25 12:55:53.122413,2
161,17,2025-04-19 12:55:53.122415,4
137,7,2025-05-03 12:55:53.122417,1
43,8,2024-09-07 12:55:53.122418,3
176,3,2025-02-20 12:55:53.122420,2
39,2,2024-09-23 12:55:53.122422,1
170,15,2025-01-25 12:55:53.122423,2
26,5,2025-04-03 12:55:53.122425,1
99,1,2024-12-13 12:55:53.122427,1
50,4,2025-05-05 12:55:53.122428,2
153,15,2025-02-04 12:55:53.122430,3
152,20,2024-12-02 12:55:53.122432,1
13,19,2025-01-15 12:55:53.122433,1
60,3,2025-03-21 12:55:53.122435,1
135,20,2024-10-28 12:55:53.122437,3
57,11,2024-09-04 12:55:53.122438,3
36,17,2024-06-14 12:55:53.122440,4
173,13,2025-01-06 12:55:53.122442,2
20,11,2024-07-31 12:55:53.122443,3
65,2,2024-07-10 12:55:53.122445,2
8,9,2024-09-12 12:55:53.122447,4
144,2,2025-06-05 12:55:53.122449,2
142,9,2024-07-03 12:55:53.122450,3
115,9,2024-08-30 12:55:53.122452,2
143,8,2025-01-07 12:55:53.122454,3
92,17,2024-07-05 12:55:53.122456,2
98,1,2025-04-17 12:55:53.122457,3
66,11,2025-04-02 12:55:53.122459,3
32,8,2025-01-25 12:55:53.122461,2
191,10,2025-04-11 12:55:53.122463,4
86,7,2025-04-16 12:55:53.122464,1
51,3,2024-08-30 12:55:53.122466,4
153,3,2025-03-22 12:55:53.122468,2
186,18,2025-01-21 12:55:53.122469,4
63,5,2025-01-16 12:55:53.122471,3
190,12,2024-08-04 12:55:53.122473,1
125,12,2025-02-22 12:55:53.122474,2
150,19,2024-12-16 12:55:53.122476,2
58,6,2025-02-25 12:55:53.122478,2
58,2,2024-06-23 12:55:53.122479,1
86,12,2024-07-20 12:55:53.122481,3
49,19,2025-01-25 12:55:53.122483,2
180,5,2024-09-24 12:55:53.122484,4
170,12,2024-10-02 12:55:53.122486,2
70,17,2025-02-01 12:55:53.122488,2
15,17,2025-05-14 12:55:53.122489,2
54,10,2025-04-23 12:55:53.122491,2
188,17,2024-07-20 12:55:53.122493,3
101,15,2024-11-05 12:55:53.122495,4
8,12,2025-01-19 12:55:53.122496,3
53,16,2025-05-18 12:55:53.122498,4
60,19,2025-06-08 12:55:53.122499,2
108,8,2024-12-21 12:55:53.122501,1
5,17,2025-04-04 12:55:53.122503,3
103,5,2024-07-18 12:55:53.122505,1
196,16,2025-01-26 12:55:53.122506,3
6,6,2025-03-19 12:55:53.122508,2
109,8,2024-10-26 12:55:53.122509,3
116,18,2024-08-31 12:55:53.122511,2
94,12,2024-06-13 12:55:53.122513,3
47,15,2024-11-03 12:55:53.122515,2
99,9,2024-08-26 12:55:53.122516,2
55,13,2025-06-05 12:55:53.122518,4
168,15,2025-04-13 12:55:53.122520,2
52,10,2025-05-02 12:55:53.122521,4
144,16,2024-06-21 12:55:53.122523,2
13,7,2025-03-25 12:55:53.122525,1
114,17,2024-09-03 12:55:53.122526,2
124,7,2025-05-22 12:55:53.122528,1
106,14,2024-12-02 12:55:53.122530,1
158,15,2024-08-15 12:55:53.122532,2
147,7,2024-08-31 12:55:53.122533,1
145,9,2025-03-26 12:55:53.122535,4
120,19,2024-11-01 12:55:53.122537,3
63,16,2025-04-05 12:55:53.122538,2
19,8,2025-05-19 12:55:53.122540,1
92,18,2025-01-03 12:55:53.122542,2
58,18,2024-12-05 12:55:53.122543,4
183,20,2025-05-20 12:55:53.122545,2
90,7,2024-12-08 12:55:53.122547,2
117,3,2025-02-22 12:55:53.122549,1
62,18,2024-06-25 12:55:53.122550,4
23,10,2025-02-02 12:55:53.122552,3
127,7,2024-07-03 12:55:53.122554,3
137,17,2025-04-18 12:55:53.122556,1
140,14,2024-12-10 12:55:53.122558,2
129,3,2024-08-27 12:55:53.122560,1
58,12,2024-11-13 12:55:53.122561,1
122,13,2024-07-27 12:55:53.122563,1
1,2,2025-03-22 12:55:53.122565,2
34,3,2025-02-08 12:55:53.122566,4
96,5,2025-03-18 12:55:53.122568,1
126,11,2025-03-11 12:55:53.122570,2
118,8,2024-11-10 12:55:53.122571,4
48,12,2025-05-28 12:55:53.122573,1
89,7,2025-03-10 12:55:53.122575,3
117,15,2024-12-21 12:55:53.122577,4
129,17,2024-11-11 12:55:53.122578,1
16,4,2024-07-02 12:55:53.122580,4
189,13,2025-02-02 12:55:53.122582,4
192,18,2025-01-24 12:55:53.122584,4
191,1,2025-03-20 12:55:53.122585,4
69,16,2024-06-15 12:55:53.122587,4
22,13,2025-04-15 12:55:53.122588,4
93,10,2024-11-26 12:55:53.122590,1
195,12,2025-05-21 12:55:53.122592,3
76,2,2024-10-12 12:55:53.122594,2
154,3,2025-02-16 12:55:53.122595,4
144,10,2025-02-27 12:55:53.122597,2
179,2,2024-10-17 12:55:53.122599,1
86,13,2024-12-12 12:55:53.122600,4
185,13,2025-01-04 12:55:53.122602,3
29,18,2025-02-13 12:55:53.122603,2
69,3,2025-02-15 12:55:53.122605,4
47,7,2025-05-28 12:55:53.122607,1
94,14,2024-07-07 12:55:53.122609,3
190,20,2025-03-03 12:55:53.122610,2
197,17,2024-11-17 12:55:53.122612,2
144,12,2024-12-23 12:55:53.122614,4
176,16,2025-01-18 12:55:53.122615,3
85,12,2025-05-05 12:55:53.122617,3
39,15,2025-01-18 12:55:53.122619,3
100,10,2024-12-12 12:55:53.122620,3
33,7,2024-07-16 12:55:53.122622,1
101,20,2024-09-22 12:55:53.122624,3
23,5,2024-11-17 12:55:53.122626,2
10,1,2024-06-27 12:55:53.122627,2
69,17,2024-09-08 12:55:53.122629,1
100,3,2024-12-22 12:55:53.122631,2
34,13,2025-05-26 12:55:53.122633,2
180,14,2025-04-11 12:55:53.122634,3
138,18,2025-01-27 12:55:53.122636,2
147,4,2025-03-10 12:55:53.122638,1
186,18,2024-08-16 12:55:53.122639,3
96,5,2025-01-25 12:55:53.122641,4
1,16,2025-05-21 12:55:53.122643,3
69,1,2025-04-15 12:55:53.122645,1
4,14,2024-08-08 12:55:53.122647,3
16,15,2024-10-30 12:55:53.122648,3
24,9,2024-12-15 12:55:53.122650,1
80,15,2024-12-31 12:55:53.122652,3
2,17,2024-10-29 12:55:53.122653,1
128,4,2024-08-03 12:55:53.122655,1
160,12,2024-09-21 12:55:53.122657,4
84,5,2025-04-11 12:55:53.122658,2
152,5,2024-11-24 12:55:53.122660,2
140,11,2024-08-18 12:55:53.122662,3
178,6,2025-03-04 12:55:53.122663,3
163,7,2025-01-30 12:55:53.122665,4
124,14,2025-05-18 12:55:53.122667,4
33,11,2024-06-12 12:55:53.122669,4
161,13,2024-10-29 12:55:53.122670,1
189,2,2025-06-09 12:55:53.122672,4
179,7,2024-09-16 12:55:53.122674,4
171,20,2024-09-07 12:55:53.122675,3
101,4,2024-06-23 12:55:53.122677,4
12,8,2024-07-01 12:55:53.122679,1
67,20,2025-03-01 12:55:53.122681,1
65,19,2024-12-05 12:55:53.122683,3
161,13,2024-11-01 12:55:53.122684,4
168,14,2025-05-05 12:55:53.122686,4
74,10,2024-07-04 12:55:53.122688,1
43,11,2024-12-22 12:55:53.122689,4
44,2,2024-07-25 12:55:53.122691,4
29,9,2024-12-31 12:55:53.122693,4
141,17,2024-07-05 12:55:53.122694,2
12,3,2025-04-07 12:55:53.122696,3
95,6,2025-01-07 12:55:53.122698,2
46,5,2024-09-23 12:55:53.122699,3
130,5,2025-01-02 12:55:53.122701,1
35,15,2024-07-03 12:55:53.122703,4
81,17,2024-11-12 12:55:53.122705,3
90,9,2024-12-24 12:55:53.122706,2
8,3,2024-11-15 12:55:53.122708,4
93,20,2024-06-18 12:55:53.122710,1
154,17,2025-01-09 12:55:53.122711,3
90,10,2024-08-30 12:55:53.122713,3
162,3,2025-04-05 12:55:53.122715,3
115,18,2025-03-03 12:55:53.122716,4
105,18,2024-11-06 12:55:53.122718,2
135,17,2024-07-04 12:55:53.122720,2
196,3,2024-11-27 12:55:53.122721,3
58,3,2024-06-28 12:55:53.122723,1
114,6,2025-03-12 12:55:53.122725,1
75,13,2024-07-29 12:55:53.122726,2
157,15,2024-08-22 12:55:53.122728,1
120,9,2025-01-06 12:55:53.122730,2
164,4,2024-11-14 12:55:53.122731,3
21,14,2024-09-02 12:55:53.122733,2
164,5,2025-06-09 12:55:53.122734,2
138,2,2025-01-05 12:55:53.122736,3
101,11,2025-01-14 12:55:53.122738,1
152,9,2025-02-22 12:55:53.122740,2
192,3,2024-11-01 12:55:53.122741,2
177,9,2024-08-17 12:55:53.122743,3
99,3,2024-08-03 12:55:53.122745,1
36,2,2024-07-09 12:55:53.122746,2
96,12,2024-12-27 12:55:53.122748,3
152,10,2024-10-14 12:55:53.122749,2
151,9,2024-10-26 12:55:53.122751,4
190,15,2024-10-26 12:55:53.122753,3
37,8,2024-06-29 12:55:53.122754,1
12,5,2025-02-20 12:55:53.122756,1
113,11,2024-09-21 12:55:53.122758,1
183,2,2024-10-10 12:55:53.122759,1
13,15,2025-03-15 12:55:53.122761,2
23,6,2024-07-07 12:55:53.122763,2
99,8,2025-04-27 12:55:53.122765,1
105,5,2025-01-15 12:55:53.122766,1
30,16,2024-09-19 12:55:53.122768,1
17,18,2024-07-05 12:55:53.122770,2
113,6,2024-07-20 12:55:53.122772,1
62,5,2024-07-27 12:55:53.122773,1
84,16,2024-12-20 12:55:53.122775,4
112,13,2025-04-23 12:55:53.122776,4
86,5,2025-02-09 12:55:53.122778,1
141,13,2024-06-30 12:55:53.122780,3
187,17,2025-01-02 12:55:53.122782,1
19,18,2025-02-14 12:55:53.122783,4
177,8,2025-02-28 12:55:53.122785,3
100,13,2025-03-26 12:55:53.122787,3
140,19,2025-05-28 12:55:53.122789,1
189,3,2025-05-17 12:55:53.122790,4
147,8,2025-02-04 12:55:53.122792,4
76,2,2024-10-09 12:55:53.122794,3
9,8,2024-08-01 12:55:53.122796,1
199,13,2025-05-03 12:55:53.122797,2
28,13,2024-10-19 12:55:53.122799,2
128,1,2024-11-09 12:55:53.122801,4
52,6,2024-07-22 12:55:53.122803,2
83,19,2024-08-19 12:55:53.122804,4
111,16,2025-03-02 12:55:53.122806,4
144,8,2024-06-18 12:55:53.122808,4
117,1,2024-11-25 12:55:53.122810,2
69,16,2024-09-29 12:55:53.122812,4
99,9,2024-11-17 12:55:53.122813,3
140,13,2025-02-05 12:55:53.122815,1
25,11,2025-03-26 12:55:53.122817,1
180,13,2024-07-09 12:55:53.122818,4
123,10,2024-06-22 12:55:53.122820,1
53,4,2025-06-07 12:55:53.122822,2
151,6,2025-04-16 12:55:53.122824,2
144,7,2024-11-04 12:55:53.122825,1
57,5,2025-02-17 12:55:53.122827,2
39,11,2025-03-11 12:55:53.122829,1
109,13,2024-06-18 12:55:53.122831,1
181,19,2024-09-17 12:55:53.122833,1
42,10,2024-10-15 12:55:53.122834,4
186,10,2025-05-15 12:55:53.122836,1
167,11,2024-08-28 12:55:53.122838,4
142,7,2025-02-02 12:55:53.122839,1
122,18,2025-04-08 12:55:53.122841,1
133,4,2024-10-19 12:55:53.122843,1
163,2,2025-04-02 12:55:53.122845,2
75,14,2024-10-15 12:55:53.122846,4
146,13,2024-07-03 12:55:53.122848,4
76,12,2024-09-11 12:55:53.122850,1
9,7,2024-08-27 12:55:53.122852,1
74,2,2024-08-09 12:55:53.122853,2
186,13,2024-12-29 12:55:53.122855,2
145,14,2024-10-26 12:55:53.122857,2
7,17,2024-07-31 12:55:53.122859,4
174,9,2024-09-24 12:55:53.122860,4
141,17,2024-11-03 12:55:53.122862,4
168,8,2024-09-02 12:55:53.122864,1
170,2,2024-10-24 12:55:53.122865,4
137,13,2025-03-20 12:55:53.122867,3
178,3,2024-10-09 12:55:53.122869,3
27,16,2024-10-22 12:55:53.122870,2
122,6,2025-01-28 12:55:53.122872,4
194,19,2025-02-03 12:55:53.122874,3
5,7,2024-07-18 12:55:53.122875,2
29,10,2025-01-19 12:55:53.122877,4
165,9,2024-09-16 12:55:53.122879,1
166,2,2024-10-04 12:55:53.122881,3
83,15,2024-07-24 12:55:53.122882,1
136,5,2025-02-07 12:55:53.122884,4
109,4,2025-01-20 12:55:53.122886,3
65,20,2024-10-27 12:55:53.122887,4
86,4,2025-05-01 12:55:53.122889,1
145,18,2024-06-09 12:55:53.122890,3
71,4,2025-01-14 12:55:53.122892,1
45,17,2025-02-09 12:55:53.122894,4
132,12,2025-01-21 12:55:53.122896,4
36,17,2024-12-20 12:55:53.122897,1
70,10,2024-12-28 12:55:53.122899,3
159,1,2024-09-06 12:55:53.122900,1
19,18,2025-04-29 12:55:53.122902,4
189,18,2025-03-31 12:55:53.122904,1
108,14,2025-03-24 12:55:53.122905,4
182,15,2025-02-11 12:55:53.122907,1
167,12,2024-11-25 12:55:53.122909,3
91,4,2024-06-19 12:55:53.122910,3
90,3,2025-03-23 12:55:53.122912,1
19,20,2024-06-13 12:55:53.122914,1
39,12,2025-02-20 12:55:53.122916,3
126,7,2025-05-08 12:55:53.122917,4
195,11,2024-11-09 12:55:53.122919,3
173,1,2024-11-13 12:55:53.122921,4
141,6,2024-12-22 12:55:53.122922,1
126,15,2024-09-05 12:55:53.122924,1
58,15,2024-10-14 12:55:53.122925,4
148,19,2024-11-09 12:55:53.122927,1
200,11,2025-05-09 12:55:53.122929,4
61,2,2025-02-24 12:55:53.122930,2
127,14,2024-11-06 12:55:53.122932,3
105,2,2024-11-22 12:55:53.122934,2
167,4,2024-08-14 12:55:53.122935,4
1,17,2024-06-18 12:55:53.122937,3
131,3,2025-05-30 12:55:53.122939,4
92,13,2024-08-19 12:55:53.122941,3
190,9,2024-11-27 12:55:53.122942,3
191,7,2024-10-08 12:55:53.122944,3
113,15,2025-06-06 12:55:53.122946,3
153,11,2024-12-11 12:55:53.122947,4
56,20,2025-01-08 12:55:53.122949,3
161,2,2024-11-22 12:55:53.122951,3
166,15,2024-11-07 12:55:53.122952,2
117,14,2024-09-07 12:55:53.122954,1
134,20,2024-09-03 12:55:53.122956,1
58,11,2024-08-05 12:55:53.122957,2
44,3,2025-02-17 12:55:53.122959,2
173,17,2024-10-03 12:55:53.122961,4
160,12,2025-02-17 12:55:53.122963,4
173,15,2025-01-21 12:55:53.122964,4
61,16,2024-10-29 12:55:53.122966,2
47,5,2024-10-04 12:55:53.122968,2
149,20,2025-05-26 12:55:53.122970,3
80,6,2024-11-22 12:55:53.122971,4
118,19,2024-12-19 12:55:53.122973,4
164,5,2024-07-02 12:55:53.122974,4
147,3,2024-06-27 12:55:53.122976,1
20,1,2024-11-14 12:55:53.122978,3
185,6,2025-03-17 12:55:53.122980,4
146,15,2024-10-13 12:55:53.122981,4
47,2,2025-04-05 12:55:53.122983,4
49,3,2024-07-26 12:55:53.122984,1
14,17,2024-09-09 12:55:53.122986,1
143,12,2025-05-27 12:55:53.122988,2
159,18,2024-11-20 12:55:53.122990,3
1,15,2024-08-10 12:55:53.122991,2
117,12,2024-08-25 12:55:53.122993,3
54,16,2024-07-05 12:55:53.122995,1
118,8,2025-05-27 12:55:53.122997,4
3,14,2025-04-28 12:55:53.122998,2
144,17,2024-07-15 12:55:53.123000,4
185,8,2024-11-02 12:55:53.123001,2
12,15,2025-04-01 12:55:53.123003,1
74,14,2024-10-16 12:55:53.123005,1
16,18,2025-03-08 12:55:53.123007,1
200,20,2025-05-15 12:55:53.123008,2
102,7,2025-01-27 12:55:53.123010,3
152,3,2024-11-27 12:55:53.123011,2
156,12,2024-12-24 12:55:53.123013,3
117,3,2025-02-21 12:55:53.123015,2
8,20,2024-10-20 12:55:53.123016,2
122,14,2024-12-24 12:55:53.123018,1
92,15,2024-12-19 12:55:53.123019,4
164,14,2024-11-27 12:55:53.123021,4
90,7,2025-01-18 12:55:53.123023,3
136,17,2024-11-06 12:55:53.123025,4
186,12,2025-01-31 12:55:53.123026,2
60,20,2025-04-29 12:55:53.123028,2
178,4,2024-10-12 12:55:53.123029,1
28,9,2025-05-31 12:55:53.123031,1
101,6,2024-09-06 12:55:53.123033,4
41,16,2025-05-14 12:55:53.123035,3
192,2,2024-12-12 12:55:53.123036,4
155,8,2025-02-15 12:55:53.123038,4
191,11,2024-07-12 12:55:53.123040,4
145,13,2025-05-05 12:55:53.123041,4
161,17,2024-07-11 12:55:53.123043,2
157,8,2025-05-20 12:55:53.123045,3
141,18,2025-05-25 12:55:53.123046,2
46,18,2025-02-03 12:55:53.123048,3
35,14,2025-02-27 12:55:53.123050,1
134,15,2025-05-30 12:55:53.123051,4
82,6,2024-07-26 12:55:53.123053,2
115,11,2025-03-23 12:55:53.123055,3
197,13,2025-02-07 12:55:53.123056,1
47,1,2025-04-06 12:55:53.123058,1
153,6,2024-10-10 12:55:53.123060,4
194,9,2024-07-02 12:55:53.123061,3
10,8,2025-04-12 12:55:53.123063,2
56,11,2024-08-25 12:55:53.123065,4
30,19,2025-02-18 12:55:53.123066,2
109,9,2024-10-14 12:55:53.123068,1
5,17,2024-06-16 12:55:53.123070,2
119,12,2025-01-29 12:55:53.123071,2
33,14,2024-12-03 12:55:53.123073,4
118,15,2025-03-16 12:55:53.123075,2
65,16,2024-08-03 12:55:53.123077,4
146,20,2024-08-03 12:55:53.123080,1
177,1,2025-04-12 12:55:53.123084,4
11,10,2025-03-18 12:55:53.123088,4
85,8,2025-01-01 12:55:53.123092,3
26,18,2025-04-15 12:55:53.123096,2
63,1,2024-08-17 12:55:53.123100,1
86,2,2025-05-27 12:55:53.123104,4
59,1,2025-01-01 12:55:53.123107,1
27,1,2024-08-19 12:55:53.123110,3
177,9,2024-06-28 12:55:53.123113,2
161,13,2024-11-29 12:55:53.123117,4
98,1,2024-11-18 12:55:53.123120,2
105,13,2025-02-28 12:55:53.123123,3
99,20,2025-05-02 12:55:53.123127,3
129,7,2024-08-10 12:55:53.123130,1
149,2,2024-06-21 12:55:53.123133,4
55,6,2024-07-23 12:55:53.123137,1
6,7,2025-02-05 12:55:53.123140,3
197,14,2025-04-18 12:55:53.123143,2
95,18,2024-06-18 12:55:53.123147,1
133,15,2025-01-06 12:55:53.123150,1
102,2,2024-06-24 12:55:53.123153,2
3,10,2024-08-06 12:55:53.123156,1
181,12,2025-04-09 12:55:53.123160,2
23,17,2024-08-24 12:55:53.123163,4
53,8,2025-05-19 12:55:53.123166,2
165,11,2024-12-14 12:55:53.123169,4
83,3,2024-09-10 12:55:53.123173,2
145,6,2024-11-02 12:55:53.123176,3
85,9,2024-07-06 12:55:53.123179,3
78,6,2024-12-02 12:55:53.123183,4
110,9,2025-05-05 12:55:53.123186,4
1,7,2024-09-23 12:55:53.123191,3
51,9,2024-07-13 12:55:53.123194,4
173,18,2024-12-17 12:55:53.123199,2
4,12,2025-06-03 12:55:53.123202,2
190,8,2024-11-06 12:55:53.123206,3
193,8,2024-10-02 12:55:53.123208,1
113,18,2025-04-16 12:55:53.123210,2
32,20,2024-10-31 12:55:53.123212,4
34,15,2024-12-06 12:55:53.123214,1
92,7,2024-07-19 12:55:53.123215,1
95,11,2024-10-17 12:55:53.123217,2
72,20,2024-06-12 12:55:53.123219,2
39,16,2025-03-23 12:55:53.123220,1
154,4,2024-10-30 12:55:53.123222,1
162,6,2025-03-11 12:55:53.123224,3
182,3,2024-09-15 12:55:53.123226,4
118,9,2024-07-11 12:55:53.123227,3
3,10,2025-01-22 12:55:53.123229,2
123,14,2024-07-29 12:55:53.123231,3
50,11,2024-09-07 12:55:53.123233,3
12,18,2024-10-05 12:55:53.123234,3
193,12,2024-10-14 12:55:53.123236,3
54,12,2024-10-29 12:55:53.123238,4
133,13,2024-08-10 12:55:53.123240,4
57,13,2025-01-23 12:55:53.123241,1
145,19,2024-12-26 12:55:53.123243,2
112,19,2025-02-04 12:55:53.123245,3
47,14,2025-04-26 12:55:53.123246,1
151,4,2025-01-18 12:55:53.123248,1
85,13,2024-10-22 12:55:53.123250,1
142,8,2025-02-05 12:55:53.123251,4
66,19,2024-10-15 12:55:53.123253,3
75,12,2024-08-22 12:55:53.123255,3
179,18,2024-08-01 12:55:53.123256,2
103,6,2024-07-02 12:55:53.123258,3
166,18,2024-11-27 12:55:53.123260,3
192,19,2024-12-19 12:55:53.123261,1
38,5,2025-05-26 12:55:53.123263,2
50,9,2024-09-29 12:55:53.123265,3
98,3,2024-12-25 12:55:53.123266,4
82,10,2025-03-08 12:55:53.123268,3
30,19,2024-10-03 12:55:53.123270,1
79,3,2025-02-21 12:55:53.123271,4
91,15,2024-12-10 12:55:53.123273,1
179,1,2025-01-28 12:55:53.123275,3
191,7,2024-12-17 12:55:53.123276,4
52,12,2025-01-17 12:55:53.123278,2
166,17,2024-08-08 12:55:53.123280,2
79,20,2024-06-15 12:55:53.123281,4
30,5,2025-01-19 12:55:53.123283,4
106,4,2024-08-29 12:55:53.123285,1
51,12,2025-06-04 12:55:53.123286,4
81,20,2024-09-18 12:55:53.123288,1
133,18,2025-03-04 12:55:53.123290,3
29,17,2025-04-27 12:55:53.123292,1
132,19,2025-02-06 12:55:53.123293,4
138,9,2024-11-13 12:55:53.123295,4
184,4,2024-10-02 12:55:53.123297,3
145,2,2024-08-29 12:55:53.123298,4
74,4,2025-02-06 12:55:53.123300,4
17,2,2024-06-21 12:55:53.123302,2
84,15,2024-10-09 12:55:53.123303,2
69,2,2024-07-14 12:55:53.123305,3
34,4,2024-06-10 12:55:53.123307,1
6,6,2024-10-01 12:55:53.123309,2
53,7,2024-10-23 12:55:53.123310,1
194,10,2025-06-01 12:55:53.123312,4
126,19,2025-04-23 12:55:53.123313,2
43,19,2025-01-10 12:55:53.123316,3
115,12,2025-02-16 12:55:53.123317,3
111,3,2024-11-14 12:55:53.123319,3
151,13,2024-06-20 12:55:53.123320,2
183,18,2025-02-05 12:55:53.123322,1
80,8,2025-01-04 12:55:53.123324,4
95,15,2024-07-05 12:55:53.123325,1
118,1,2024-08-16 12:55:53.123327,1
144,3,2024-12-03 12:55:53.123329,4
8,8,2024-10-10 12:55:53.123330,4
132,4,2024-08-30 12:55:53.123332,2
104,16,2024-09-11 12:55:53.123334,2
132,10,2024-12-15 12:55:53.123336,2
184,12,2024-11-04 12:55:53.123337,2
25,14,2024-09-01 12:55:53.123339,2
195,14,2024-12-22 12:55:53.123341,4
96,2,2024-12-11 12:55:53.123342,1
195,5,2024-06-15 12:55:53.123344,2
155,5,2024-10-20 12:55:53.123346,2
93,6,2025-01-22 12:55:53.123348,1
160,13,2025-01-04 12:55:53.123349,2
178,9,2025-02-01 12:55:53.123351,1
61,15,2025-02-11 12:55:53.123353,1
122,14,2025-04-09 12:55:53.123354,4
51,7,2025-03-03 12:55:53.123356,3
147,20,2024-12-30 12:55:53.123358,4
21,2,2025-04-09 12:55:53.123359,3
5,7,2024-09-08 12:55:53.123361,3
92,6,2024-06-21 12:55:53.123363,3
170,17,2025-03-07 12:55:53.123365,2
61,2,2025-03-03 12:55:53.123367,4
22,3,2025-02-19 12:55:53.123369,3
149,5,2024-10-05 12:55:53.123370,1
70,5,2025-01-19 12:55:53.123372,2
1,1,2024-08-12 12:55:53.123373,4
133,8,2024-09-14 12:55:53.123375,3
12,12,2024-08-08 12:55:53.123377,1
90,4,2025-01-16 12:55:53.123379,4
46,13,2025-04-19 12:55:53.123380,4
34,15,2025-03-02 12:55:53.123382,2
177,11,2025-01-09 12:55:53.123384,4
78,10,2025-02-13 12:55:53.123385,2
45,3,2024-12-07 12:55:53.123387,3
155,14,2025-03-10 12:55:53.123389,2
73,16,2025-01-06 12:55:53.123390,1
26,10,2025-06-02 12:55:53.123392,2
47,10,2024-06-12 12:55:53.123394,1
121,12,2024-09-09 12:55:53.123395,2
56,9,2025-04-06 12:55:53.123397,4
94,1,2025-01-20 12:55:53.123399,3
107,5,2025-05-17 12:55:53.123400,1
63,20,2025-05-13 12:55:53.123402,2
48,8,2024-08-30 12:55:53.123404,2
61,11,2025-01-11 12:55:53.123405,2
81,12,2024-06-17 12:55:53.123407,4
26,1,2025-04-06 12:55:53.123409,4
36,20,2024-07-18 12:55:53.123410,1
1,11,2024-10-01 12:55:53.123412,1
8,5,2025-04-18 12:55:53.123414,4
113,15,2025-06-03 12:55:53.123415,1
99,5,2024-08-20 12:55:53.123417,3
180,12,2025-01-15 12:55:53.123419,3
47,5,2024-10-12 12:55:53.123421,4
127,17,2024-10-07 12:55:53.123422,1
56,17,2024-10-27 12:55:53.123424,2
14,12,2024-12-17 12:55:53.123425,3
28,15,2025-03-07 12:55:53.123427,4
78,15,2025-05-14 12:55:53.123434,1
130,6,2025-01-31 12:55:53.123435,4
109,12,2024-10-08 12:55:53.123437,2
154,20,2025-04-12 12:55:53.123439,3
14,18,2025-05-07 12:55:53.123440,4
187,14,2024-11-16 12:55:53.123442,4
56,2,2024-10-01 12:55:53.123444,4
115,9,2025-05-03 12:55:53.123445,2
7,5,2024-08-18 12:55:53.123447,4
3,20,2024-07-22 12:55:53.123449,2
111,1,2024-06-23 12:55:53.123450,2
151,3,2025-05-13 12:55:53.123452,2
107,6,2025-03-24 12:55:53.123454,3
18,5,2025-03-25 12:55:53.123456,3
38,5,2024-08-25 12:55:53.123457,4
115,1,2025-01-05 12:55:53.123459,4
15,17,2025-04-27 12:55:53.123461,3
192,19,2025-02-02 12:55:53.123462,1
119,14,2025-04-10 12:55:53.123464,3
28,12,2024-08-28 12:55:53.123466,2
39,10,2024-11-08 12:55:53.123467,3
185,20,2024-08-03 12:55:53.123469,2
17,18,2024-08-08 12:55:53.123471,4
86,11,2024-07-28 12:55:53.123473,1
126,2,2025-02-14 12:55:53.123474,4
44,18,2024-09-15 12:55:53.123476,2
25,7,2024-11-27 12:55:53.123478,2
145,15,2024-10-22 12:55:53.123479,2
13,11,2024-10-26 12:55:53.123481,1
25,18,2025-01-08 12:55:53.123483,3
68,12,2024-08-12 12:55:53.123485,4
138,6,2024-11-02 12:55:53.123487,4
67,20,2025-01-04 12:55:53.123488,3
109,13,2024-08-22 12:55:53.123490,4
146,20,2024-07-27 12:55:53.123491,1
111,16,2025-05-10 12:55:53.123493,4
111,18,2024-08-01 12:55:53.123495,2
34,10,2025-04-20 12:55:53.123497,3
111,8,2025-02-23 12:55:53.123498,1
8,18,2024-07-24 12:55:53.123500,3
168,1,2025-02-21 12:55:53.123502,1
113,8,2025-01-25 12:55:53.123503,2
83,6,2024-07-06 12:55:53.123505,3
42,5,2025-04-29 12:55:53.123507,4
169,15,2025-03-21 12:55:53.123508,1
101,15,2025-02-07 12:55:53.123511,3
6,2,2025-03-13 12:55:53.123513,4
180,1,2024-08-31 12:55:53.123514,3
26,11,2025-05-02 12:55:53.123516,3
64,10,2025-03-21 12:55:53.123518,3
187,18,2025-06-08 12:55:53.123519,1
184,18,2024-11-12 12:55:53.123521,4
59,17,2024-10-22 12:55:53.123523,2
109,8,2024-06-22 12:55:53.123524,1
198,15,2024-08-09 12:55:53.123526,1
121,8,2024-10-12 12:55:53.123528,1
33,17,2025-01-11 12:55:53.123529,2
181,12,2025-05-24 12:55:53.123531,4
150,8,2025-02-11 12:55:53.123533,4
21,14,2025-01-13 12:55:53.123535,4
198,4,2024-06-13 12:55:53.123536,3
70,1,2025-01-16 12:55:53.123538,3
112,1,2024-06-15 12:55:53.123539,3
4,19,2024-10-20 12:55:53.123541,2
94,16,2025-05-04 12:55:53.123543,3
75,14,2024-06-23 12:55:53.123545,2
190,16,2025-02-10 12:55:53.123546,4
62,5,2025-01-25 12:55:53.123548,3
94,9,2024-07-24 12:55:53.123550,3
95,2,2024-08-12 12:55:53.123552,1
152,18,2024-07-06 12:55:53.123553,2
55,6,2025-02-28 12:55:53.123555,4
